n,auc,prauc,brier
12308,0.9326652833233925,0.9826454034620796,0.09254911091843199
