n,auc,prauc,brier
12308,0.49980515818140137,0.7883627151750725,0.1668079793828259
