n,auc,prauc,brier
12308,0.8033726293684774,0.9287388430273444,0.1386440996267398
