{
  "thr_f1": 0.5141404638714554,
  "f1": 0.8971981057616417,
  "thr_fpr5": 0.7979064050159818,
  "target_fpr": 0.05,
  "calibrated": false,
  "n_test": 3077,
  "n_pred_high": 1513,
  "share_pred_high": 0.49171270718232046
}