n,auc,prauc,brier
12308,0.8258146196542069,0.9356831209792961,0.13785939692823143
