{"coef":[5.0524711547,5.2291048865],"intercept":-6.5593513133}