{
  "dev_rows": 12308,
  "test_rows": 3077,
  "dev_metrics": {
    "auc": 0.9326652833233925,
    "prauc": 0.9826454034620796,
    "brier": 0.09420017340217722
  },
  "thresholds": {
    "thr_fpr5": 0.8430113554395822
  },
  "test_high_cnt": 2025,
  "test_high_share": 0.6581085472863178
}