auc,prauc,brier,n
0.7871320582324358,0.9169959384496694,0.1264585980607285,12308
